<Configs>
	<append xpath="/blocks">
		
	<!--Sniper Turret-->	
		
		<block name="autoSniperTurret"> 
		
			<property name="Extends" value="autoTurret"/>
			<property name="CustomIcon" value="autoTurret"/>
			<property name="CustomIconTint" value="0,166,123"/>
			
			<property name="CreativeMode" value="Player"/>
			
			<property name="AmmoItem" value="ammo762mmBulletBall"/>
			
			<property name="TurnSpeed" value="3.5"/>
			<property name="MaxDistance" value="50"/>
			<property name="EntityDamage" value="110"/> 
			<property name="BlockDamage" value="1"/>
			<property name="RaySpread" value="0.3"/> 
			
			<property name="YawRange" value="110"/>
			<property name="PitchRange" value="110"/>

			<property name="BurstRoundCount" value="1"/>
			<property name="BurstFireRate" value="0.35"/>
			<property name="CooldownTime" value="2"/>
			<property name="OvershootTime" value="0.4"/>
			<property name="FallAsleepTime" value="10"/>
			<property name="WakeUpTime" value="0.5"/>
		
			<property name="FireSound" value="sniperrifle_fire"/>
			<property name="RequiredPower" value="15"/>

			<property class="RepairItems">
			<property name="resourceForgedSteel" value="5"/>
			<property name="resourceMechanicalParts" value="3"/>
			<property name="resourceElectricParts" value="3"/>
			</property>
		
			<property name="EconomicValue" value="3100"/>
			<property name="UnlockedBy" value="perkAdvancedEngineering,autoSniperTurretSchematic"/>
		</block>
	
	<!--Heavy Shotgun Turret-->	
		
		<block name="shotgunHeavyTurret">
			<property name="Extends" value="autoTurret"/>
			<property name="CustomIcon" value="shotgunTurret"/>
			<property name="CustomIconTint" value="255,0,0"/>
			
			<property name="Model" value="Entities/Traps/AutoTurret/Auto_TurretShotgunPrefab"/>
			
			<property name="AmmoItem" value="ammoShotgunShell"/>
			
			<property name="MaxDistance" value="12"/>
			<property name="EntityDamage" value="15"/> 
			<property name="BlockDamage" value="1"/>
			<property name="RaySpread" value="4.2"/> 
			<property name="RayCount" value="8"/>
			
			<property name="BurstRoundCount" value="16"/>
			<property name="BurstFireRate" value="0.22"/>
			<property name="CooldownTime" value="2"/>
			<property name="OvershootTime" value="0.8"/>

			<property name="ParticlesMuzzleFire" value="nozzleflash_shotgun"/>
			<property name="ParticlesMuzzleSmoke" value="nozzlesmokeuzi"/>
			<property name="RequiredPower" value="20"/>
			
			<property name="DamageBonus.wood" value="3"/>
			
			<property name="FireSound" value="autoshotgun_fire"/>
			
			<property name="EconomicValue" value="3100"/>
			
			<property class="RepairItems">
			<property name="resourceForgedSteel" value="5"/>
			<property name="resourceMechanicalParts" value="3"/>
			<property name="resourceElectricParts" value="3"/>
			</property>	
			<property name="UnlockedBy" value="perkAdvancedEngineering,shotgunHeavyTurretSchematic"/>
		</block>
		
	<!--M60 Turret-->	
		
		<block name="autoMachineTurret"> 
			<property name="Extends" value="autoSniperTurret"/>
			<property name="CustomIcon" value="autoTurret"/>
			<property name="CustomIconTint" value="255,0,0"/>
			
			
			<property name="AmmoItem" value="ammo762mmBulletBall"/>
	
			<property name="TurnSpeed" value="4.5"/>
			<property name="MaxDistance" value="25"/>
			<property name="EntityDamage" value="85"/> 
			<property name="BlockDamage" value="1"/>
			<property name="RaySpread" value="7.2"/> 
			
			<property name="BurstRoundCount" value="35"/>
			<property name="BurstFireRate" value="0.06"/>
			<property name="CooldownTime" value="3"/>
			<property name="OvershootTime" value="0.4"/>
			<property name="FallAsleepTime" value="10"/>
			<property name="WakeUpTime" value="0.5"/>
			
			<property name="DamageBonus.wood" value="2.5"/>
			
			<property name="FireSound" value="m60_fire"/>
			<property name="RequiredPower" value="20"/>
	
			<property name="EconomicValue" value="3100"/>
			<property name="UnlockedBy" value="perkAdvancedEngineering,autoMachineTurretSchematic"/>
		</block>
		
	<!--Heavy Auto Turret-->
		
		<block name="autoHeavyTurret"> 
			<property name="Extends" value="autoSniperTurret"/>
			<property name="CustomIcon" value="autoTurret"/>
			<property name="CustomIconTint" value="0,255,0"/>
			
			<property name="AmmoItem" value="ammo44MagnumBulletBall"/>
	
			<property name="TurnSpeed" value="18.5"/>
			<property name="MaxDistance" value="35"/>
			<property name="EntityDamage" value="55"/> 
			<property name="BlockDamage" value="1"/>
			<property name="RaySpread" value="1.5"/> 
			
			<property name="YawRange" value="100"/>
			<property name="PitchRange" value="100"/>

			<property name="BurstRoundCount" value="10"/>
			<property name="BurstFireRate" value="0.18"/>
			<property name="CooldownTime" value="1.5"/>
			
			<property name="OvershootTime" value="0.4"/>
			<property name="FallAsleepTime" value="10"/>
			<property name="WakeUpTime" value="0.5"/>
			
			<property name="FireSound" value="turret_fire"/>
			<property name="RequiredPower" value="20"/>
	
			<property name="EconomicValue" value="3100"/>
			<property name="UnlockedBy" value="perkAdvancedEngineering,autoHeavyTurretSchematic"/>
		</block>
<!--Turret Workbench-->
		
		<block name="TurretWorkbench">
			<property name="Extends" value="workbench"/>
			<property name="CustomIcon" value="workbench"/>
			<property name="CustomIconTint" value="167,62,62"/>
			<property name="DescriptionKey" value="TurretWorkbenchDesc"/>
				<property class="Workstation">
					<property name="Modules" value="output"/>
					<property name="CraftingAreaRecipes" value="TurretWorkbench"/>
				</property>
			<property name="EconomicValue" value="2000"/>
			<property name="UnlockedBy" value="perkAdvancedEngineering"/>
		</block>
	</append>
</Configs>

