<configs>
	
	<append xpath="/traders/trader_item_groups/trader_item_group[@name='stashOnlyItemsLow']">
			<item name="autoHeavyTurret" count="1,2" prob="0.15"/>
			<item name="shotgunHeavyTurret" count="1,2" prob="0.15"/>
			<item name="autoSniperTurret" count="1" prob="0.2"/>
			<item name="autoMachineTurret" count="1" prob="0.1"/>\
		</append>

		<append xpath="/traders/trader_item_groups/trader_item_group[@name='stashOnlyItemsHigh']">
			<item name="autoHeavyTurret" count="1,2" prob="0.3"/>
			<item name="shotgunHeavyTurret" count="1,2" prob="0.3"/>
			<item name="autoSniperTurret" count="1" prob="0.3"/>
			<item name="autoMachineTurret" count="1" prob="0.25"/>\
		</append>

</configs>

