<Configs>
		<append xpath="/items">
		
			<item name="autoSniperTurretSchematic">
				<property name="Extends" value="schematicNoQualityMaster"/>
				<property name="CreativeMode" value="Player"/>
				<property name="CustomIcon" value="9autoSniper"/>
				<property name="Unlocks" value="autoSniperTurret"/>
				<effect_group tiered="false">
					<triggered_effect trigger="onSelfPrimaryActionEnd" action="ModifyCVar" cvar="autoSniperTurret" operation="set" value="1"/>
					<triggered_effect trigger="onSelfPrimaryActionEnd" action="GiveExp" exp="50"/>
				</effect_group>
			</item>
			
			<item name="shotgunHeavyTurretSchematic">
				<property name="Extends" value="schematicNoQualityMaster"/>
				<property name="CreativeMode" value="Player"/>
				<property name="CustomIcon" value="9autoShot"/>
				<property name="Unlocks" value="shotgunHeavyTurret"/>
				<effect_group tiered="false">
					<triggered_effect trigger="onSelfPrimaryActionEnd" action="ModifyCVar" cvar="shotgunHeavyTurret" operation="set" value="1"/>
					<triggered_effect trigger="onSelfPrimaryActionEnd" action="GiveExp" exp="50"/>
				</effect_group>
			</item>
			
			<item name="autoMachineTurretSchematic">
				<property name="Extends" value="schematicNoQualityMaster"/>
				<property name="CreativeMode" value="Player"/>
				<property name="CustomIcon" value="9autoMachine"/>
				<property name="Unlocks" value="autoMachineTurret"/>
				<effect_group tiered="false">
					<triggered_effect trigger="onSelfPrimaryActionEnd" action="ModifyCVar" cvar="autoMachineTurret" operation="set" value="1"/>
					<triggered_effect trigger="onSelfPrimaryActionEnd" action="GiveExp" exp="50"/>
				</effect_group>
			</item>
			
			<item name="autoHeavyTurretSchematic">
				<property name="Extends" value="schematicNoQualityMaster"/>
				<property name="CreativeMode" value="Player"/>
				<property name="CustomIcon" value="9autoHeavy"/>
				<property name="Unlocks" value="autoHeavyTurret"/>
				<effect_group tiered="false">
					<triggered_effect trigger="onSelfPrimaryActionEnd" action="ModifyCVar" cvar="autoHeavyTurret" operation="set" value="1"/>
					<triggered_effect trigger="onSelfPrimaryActionEnd" action="GiveExp" exp="50"/>
				</effect_group>
			</item>
	</append>
</Configs>