<Configs>
	<append xpath="/blocks">
		
	<!--Sniper Turret-->	
		
		<block name="autoSniperTurret"> 
		
			<property name="Extends" value="autoTurret"/>
			<property name="CustomIcon" value="9autoSniper"/>
			<property name="CreativeMode" value="Player"/>
			
			<property name="AmmoItem" value="ammo762mmBulletBall"/>
			
			<property name="TurnSpeed" value="3.5"/>
			<property name="MaxDistance" value="55"/>
			<property name="EntityDamage" value="110"/> 
			<property name="BlockDamage" value="1"/>
			<property name="RaySpread" value="0.3"/> 
			
			<property name="YawRange" value="110"/>
			<property name="PitchRange" value="110"/>

			<property name="BurstRoundCount" value="1"/>
			<property name="BurstFireRate" value="0.35"/>
			<property name="CooldownTime" value="2"/>
			<property name="OvershootTime" value="0.4"/>
			<property name="FallAsleepTime" value="10"/>
			<property name="WakeUpTime" value="0.5"/>
		
			<property name="FireSound" value="sniperrifle_fire"/>
			<property name="RequiredPower" value="15"/>

			<property class="RepairItems">
			<property name="resourceForgedSteel" value="5"/>
			<property name="resourceMechanicalParts" value="3"/>
			<property name="resourceElectricParts" value="3"/>
			</property>
		
			<property name="EconomicValue" value="3100"/>
			<property name="UnlockedBy" value="perkAdvancedEngineering,autoSniperTurretSchematic"/>
		</block>
	
	<!--Heavy Shotgun Turret-->	
		
		<block name="shotgunHeavyTurret">
			<property name="Extends" value="autoTurret"/>
			<property name="CustomIcon" value="9autoShot"/>
			<property name="Model" value="Entities/Traps/AutoTurret/Auto_TurretShotgunPrefab"/>
			
			<property name="AmmoItem" value="ammoShotgunShell"/>
			
			<property name="MaxDistance" value="12"/>
			<property name="EntityDamage" value="15"/> 
			<property name="BlockDamage" value="1"/>
			<property name="RaySpread" value="4.2"/> 
			<property name="RayCount" value="8"/>
			
			<property name="BurstRoundCount" value="16"/>
			<property name="BurstFireRate" value="0.22"/>
			<property name="CooldownTime" value="2"/>
			<property name="OvershootTime" value="0.8"/>

			<property name="ParticlesMuzzleFire" value="nozzleflash_shotgun"/>
			<property name="ParticlesMuzzleSmoke" value="nozzlesmokeuzi"/>
			<property name="RequiredPower" value="20"/>
			
			<property name="DamageBonus.wood" value="3"/>
			
			<property name="FireSound" value="autoshotgun_fire"/>
			
			<property name="EconomicValue" value="3100"/>
			
			<property class="RepairItems">
			<property name="resourceForgedSteel" value="5"/>
			<property name="resourceMechanicalParts" value="3"/>
			<property name="resourceElectricParts" value="3"/>
			</property>	
			<property name="UnlockedBy" value="perkAdvancedEngineering,shotgunHeavyTurretSchematic"/>
		</block>
		
	<!--M60 Turret-->	
		
		<block name="autoMachineTurret"> 
			<property name="Extends" value="autoSniperTurret"/>
			<property name="CustomIcon" value="9autoMachine"/>
			
			<property name="AmmoItem" value="ammo762mmBulletBall"/>
	
			<property name="TurnSpeed" value="3.5"/>
			<property name="MaxDistance" value="25"/>
			<property name="EntityDamage" value="85"/> 
			<property name="BlockDamage" value="1"/>
			<property name="RaySpread" value="7.2"/> 
			
			<property name="BurstRoundCount" value="35"/>
			<property name="BurstFireRate" value="0.06"/>
			<property name="CooldownTime" value="3"/>
			<property name="OvershootTime" value="0.4"/>
			<property name="FallAsleepTime" value="10"/>
			<property name="WakeUpTime" value="0.5"/>
			
			<property name="DamageBonus.wood" value="2.5"/>
			
			<property name="FireSound" value="m60_fire"/>
			<property name="RequiredPower" value="20"/>
	
			<property name="EconomicValue" value="3100"/>
			<property name="UnlockedBy" value="perkAdvancedEngineering,autoMachineTurretSchematic"/>
		</block>
		
	<!--Heavy Auto Turret-->
		
		<block name="autoHeavyTurret"> 
			<property name="Extends" value="autoSniperTurret"/>
			<property name="CustomIcon" value="9autoHeavy"/>
			
			<property name="AmmoItem" value="ammo44MagnumBulletBall"/>
	
			<property name="TurnSpeed" value="18.5"/>
			<property name="MaxDistance" value="35"/>
			<property name="EntityDamage" value="55"/> 
			<property name="BlockDamage" value="1"/>
			<property name="RaySpread" value="1.5"/> 

			<property name="BurstRoundCount" value="15"/>
			<property name="BurstFireRate" value="0.18"/>
			<property name="CooldownTime" value="1.5"/>
			
			<property name="OvershootTime" value="0.4"/>
			<property name="FallAsleepTime" value="10"/>
			<property name="WakeUpTime" value="0.5"/>
			
			<property name="YawRange" value="100"/>
			<property name="PitchRange" value="100"/>
			
			<property name="FireSound" value="turret_fire"/>
			<property name="RequiredPower" value="20"/>
	
			<property name="EconomicValue" value="3100"/>
			<property name="UnlockedBy" value="perkAdvancedEngineering,autoHeavyTurretSchematic"/>
		</block>
		
	<!--Steel cased turrets-->
		
	<!--Steel SMG Auto Turret-->
		
		<block name="autoTurretSteel"> 
			<property name="Extends" value="autoTurret"/>
			<property name="CustomIcon" value="autoTurret"/>
			<property name="CustomIconTint" value="167,62,62"/>
			<property name="Group" value="Tools/TrapsSteel,Science"/>
			
			<property name="AmmoItem" value="ammo9mmBulletSteel"/>
			
			<property name="TurnSpeed" value="20.5"/>
			<property name="MaxDistance" value="28"/>
			<property name="EntityDamage" value="29"/> 
			<property name="BlockDamage" value="1"/>
			<property name="RaySpread" value="3"/>
			
			<property name="BurstRoundCount" value="13"/>
			<property name="BurstFireRate" value="0.19"/>
			<property name="CooldownTime" value="2."/>
			<property name="OvershootTime" value="0.5"/>
			<property name="FallAsleepTime" value="9"/>
			<property name="WakeUpTime" value="0.7"/>
			
			<property name="WakeUpSound" value="junkturret_windup"/>
			
			<property name="RequiredPower" value="20"/>
			
			<property name="EconomicValue" value="2900"/>
		</block>
		
	<!--Steel Sniper Turret-->
		
		<block name="autoSniperTurretSteel"> 
			<property name="Extends" value="autoSniperTurret"/>
			<property name="CustomIcon" value="9autoSniper"/>
			<property name="CustomIconTint" value="167,62,62"/>
			<property name="Group" value="Tools/TrapsSteel,Science"/>
			
			<property name="AmmoItem" value="ammo762mmBulletFMJSteel"/>
			
			<property name="TurnSpeed" value="9"/>
			<property name="MaxDistance" value="44"/>
			<property name="EntityDamage" value="100"/> 
			<property name="RaySpread" value="0.5"/> 
			
			<property name="YawRange" value="105"/>
			<property name="PitchRange" value="105"/>
			
			<property name="BurstRoundCount" value="1"/>
			<property name="BurstFireRate" value="0.41"/>
			<property name="CooldownTime" value="2.7"/>
			<property name="OvershootTime" value="0.4"/>
			
			<property name="FallAsleepTime" value="7"/>
			<property name="WakeUpTime" value="1"/>

			<property name="DamageBonus.head" value="2.6"/>
			
			<property name="FireSound" value="sniperrifle_fire"/>
			
			<property name="RequiredPower" value="20"/>
			
			<property name="EconomicValue" value="2900"/>
			<property name="UnlockedBy" value="perkAdvancedEngineering,autoSniperTurretSchematic"/>
		</block>
	
	<!--Steel M60-->
		<block name="autoMachineTurretSteel"> 
			<property name="Extends" value="autoSniperTurret"/>
			<property name="CustomIcon" value="9autoMachine"/>
			<property name="CustomIconTint" value="167,62,62"/>
			<property name="Group" value="Tools/TrapsSteel,Science"/>
			
			<property name="AmmoItem" value="ammo762mmBulletFMJSteel"/>
		
			<property name="TurnSpeed" value="10.5"/>
			<property name="MaxDistance" value="23"/>
			
			<property name="EntityDamage" value="75"/> 
			<property name="BlockDamage" value="1"/>
			
			<property name="RaySpread" value="8.9"/> 
			<property name="BurstRoundCount" value="18"/>
			<property name="BurstFireRate" value="0.1"/>
			<property name="CooldownTime" value="3"/>
			<property name="OvershootTime" value="0.4"/>
			
			<property name="FallAsleepTime" value="8"/>
			<property name="WakeUpTime" value="0.8"/>
			
			<property name="DamageBonus.head" value="2.5"/>
			<property name="DamageBonus.wood" value="2.2"/>
			
			<property name="FireSound" value="m60_fire"/>
			
			<property name="RequiredPower" value="20"/>
			
			<property name="EconomicValue" value="2950"/>
			<property name="UnlockedBy" value="perkAdvancedEngineering,autoMachineTurretSchematic"/>
		</block>
	
	<!--Steel Heavy Turret-->
		
		<block name="autoHeavyTurretSteel"> 
			<property name="Extends" value="autoSniperTurret"/>
			<property name="CustomIcon" value="9autoHeavy"/>
			<property name="CustomIconTint" value="167,62,62"/>
			<property name="Group" value="Tools/TrapsSteel,Science"/>
			
			<property name="AmmoItem" value="ammo44MagnumBulletSteel"/>

			<property name="TurnSpeed" value="18.5"/>
			<property name="MaxDistance" value="26"/>
			
			<property name="EntityDamage" value="50"/> 
			<property name="BlockDamage" value="1"/>
			<property name="RaySpread" value="2.8"/> 
			
			<property name="YawRange" value="95"/>
			<property name="PitchRange" value="95"/>
		
			<property name="BurstRoundCount" value="12"/>
			<property name="BurstFireRate" value="0.18"/>
			<property name="CooldownTime" value="1.8"/>
			<property name="OvershootTime" value="0.4"/>
			
			<property name="FallAsleepTime" value="7"/>
			<property name="WakeUpTime" value="0.9"/>

			<property name="DamageBonus.head" value="2.5"/>
			
			<property name="FireSound" value="turret_fire"/>
			
			<property name="RequiredPower" value="20"/>
			
			<property name="EconomicValue" value="2900"/>
			<property name="UnlockedBy" value="perkAdvancedEngineering,autoHeavyTurretSchematic"/>
		</block>	
		
<!--Turret Workbench-->
		
		<block name="TurretWorkbench">
			<property name="Extends" value="workbench"/>
			<property name="CustomIcon" value="workbench"/>
			<property name="CustomIconTint" value="167,62,62"/>
			<property name="DescriptionKey" value="TurretWorkbenchDesc"/>
				<property class="Workstation">
					<property name="Modules" value="output"/>
					<property name="CraftingAreaRecipes" value="TurretWorkbench"/>
				</property>
			<property name="EconomicValue" value="2000"/>
			<property name="UnlockedBy" value="perkAdvancedEngineering"/>
		</block>
	</append>
</Configs>

