<Configs>
	
	<remove xpath="/items/item[@name='autoTurretSchematic']" />
	
		<append xpath="/items">
		
			<item name="autoTurretSchematic">
				<property name="Extends" value="schematicNoQualityMaster"/>
				<property name="CreativeMode" value="Player"/>
				<property name="CustomIcon" value="autoTurret"/>
				<property name="Unlocks" value="autoTurret"/>
				<property name="Unlocks" value="autoTurretSteel"/>
				<effect_group tiered="false">
					<triggered_effect trigger="onSelfPrimaryActionEnd" action="ModifyCVar" cvar="autoTurret" operation="set" value="1"/>
					<triggered_effect trigger="onSelfPrimaryActionEnd" action="ModifyCVar" cvar="autoTurretSteel" operation="set" value="1"/>
					<triggered_effect trigger="onSelfPrimaryActionEnd" action="GiveExp" exp="50"/>
				</effect_group>
			</item>
		
			<item name="autoSniperTurretSchematic">
				<property name="Extends" value="schematicNoQualityMaster"/>
				<property name="CreativeMode" value="Player"/>
				<property name="CustomIcon" value="9autoSniper"/>
				<property name="Unlocks" value="autoSniperTurret"/>
				<property name="Unlocks" value="autoSniperTurretSteel"/>
				<effect_group tiered="false">
					<triggered_effect trigger="onSelfPrimaryActionEnd" action="ModifyCVar" cvar="autoSniperTurret" operation="set" value="1"/>
					<triggered_effect trigger="onSelfPrimaryActionEnd" action="ModifyCVar" cvar="autoSniperTurretSteel" operation="set" value="1"/>
					<triggered_effect trigger="onSelfPrimaryActionEnd" action="GiveExp" exp="50"/>
				</effect_group>
			</item>
			
			<item name="shotgunHeavyTurretSchematic">
				<property name="Extends" value="schematicNoQualityMaster"/>
				<property name="CreativeMode" value="Player"/>
				<property name="CustomIcon" value="9autoShot"/>
				<property name="Unlocks" value="shotgunHeavyTurret"/>
				<effect_group tiered="false">
					<triggered_effect trigger="onSelfPrimaryActionEnd" action="ModifyCVar" cvar="shotgunHeavyTurret" operation="set" value="1"/>
					<triggered_effect trigger="onSelfPrimaryActionEnd" action="GiveExp" exp="50"/>
				</effect_group>
			</item>
			
			<item name="autoMachineTurretSchematic">
				<property name="Extends" value="schematicNoQualityMaster"/>
				<property name="CreativeMode" value="Player"/>
				<property name="CustomIcon" value="9autoMachine"/>
				<property name="Unlocks" value="autoMachineTurret"/>
				<property name="Unlocks" value="autoMachineTurretSteel"/>
				<effect_group tiered="false">
					<triggered_effect trigger="onSelfPrimaryActionEnd" action="ModifyCVar" cvar="autoMachineTurret" operation="set" value="1"/>
										<triggered_effect trigger="onSelfPrimaryActionEnd" action="ModifyCVar" cvar="autoMachineTurretSteel" operation="set" value="1"/>
					<triggered_effect trigger="onSelfPrimaryActionEnd" action="GiveExp" exp="50"/>
				</effect_group>
			</item>
			
			<item name="autoHeavyTurretSchematic">
				<property name="Extends" value="schematicNoQualityMaster"/>
				<property name="CreativeMode" value="Player"/>
				<property name="CustomIcon" value="9autoHeavy"/>
				<property name="Unlocks" value="autoHeavyTurret"/>
				<property name="Unlocks" value="autoHeavyTurretSteel"/>
				<effect_group tiered="false">
					<triggered_effect trigger="onSelfPrimaryActionEnd" action="ModifyCVar" cvar="autoHeavyTurret" operation="set" value="1"/>
					<triggered_effect trigger="onSelfPrimaryActionEnd" action="ModifyCVar" cvar="autoHeavyTurretSteel" operation="set" value="1"/>
					<triggered_effect trigger="onSelfPrimaryActionEnd" action="GiveExp" exp="50"/>
				</effect_group>
			</item>
	</append>
</Configs>