<?xml version="1.0" encoding="utf-8" ?>
<configs>
		
	<remove xpath="/recipes/recipe[@name='autoTurret']" />
	<remove xpath="/recipes/recipe[@name='shotgunTurret']" />
	
	<append xpath="/recipes">
		
		
	<!--Turret recipes are learned with Advanced Engineering 4 and 5 now, and with schematics.-->	
	<!--All Turrets are crafted in the new workbench-->
		
		<recipe name="autoTurret" count="1" craft_area="TurretWorkbench" tags="perkAdvancedEngineering,TurretWorkbenchCrafting,learnable">
			<ingredient name="motionsensor" count="1"/>
			<ingredient name="resourceForgedSteel" count="30"/>
			<ingredient name="gunHandgunT1PistolParts" count="3"/>
			<ingredient name="resourceOil" count="10"/>
			<ingredient name="resourceScrapPolymers" count="5"/>
			
			<effect_group>
			<passive_effect name="CraftingIngredientCount" level="0,1,2,3,4" operation="perc_add" value=".5,.5,.5,.3,.15" tags="resourceForgedSteel,gunHandgunT1PistolParts,resourceOil,resourceScrapPolymers"/>
			</effect_group>
		</recipe>
		
		<recipe name="autoTurret" count="1" craft_area="TurretWorkbench" tags="perkAdvancedEngineering,TurretWorkbenchCrafting,learnable">
			<ingredient name="autoTurretSteel" count="1"/>
			<ingredient name="resourceForgedSteel" count="3"/>
			<ingredient name="gunHandgunT1PistolParts" count="1"/>
		</recipe>
			
		<recipe name="shotgunTurret" count="1" craft_area="TurretWorkbench" craft_time="420" tags="perkAdvancedEngineering,TurretWorkbenchCrafting,learnable">
			<ingredient name="resourceScrapPolymers" count="10"/>
			<ingredient name="resourceOil" count="10"/>
			<ingredient name="motionsensor" count="1"/>
			<ingredient name="gunShotgunT1DoubleBarrelParts" count="3"/>
			
			<effect_group>
			<passive_effect name="CraftingIngredientCount" level="0,1,2,3,4" operation="perc_add" value=".5,.5,.5,.3,.15" tags="resourceForgedSteel,gunShotgunT1DoubleBarrelParts,resourceOil,resourceScrapPolymers"/>
			</effect_group>
		</recipe>
		
	<!--Sniper Turret-->	
		<recipe name="autoSniperTurret" count="1" craft_area="TurretWorkbench" tags="TurretWorkbenchCrafting,perkAdvancedEngineering,learnable"> 
			<ingredient name="motionsensor" count="1"/>
			<ingredient name="resourceForgedSteel" count="30"/>
			<ingredient name="gunRifleT1HuntingRifleParts" count="3"/>
			<ingredient name="resourceOil" count="12"/>
			<ingredient name="resourceScrapPolymers" count="7"/>
			
			<effect_group>
			<passive_effect name="CraftingIngredientCount" level="0,1,2,3,4" operation="perc_add" value=".5,.5,.5,.3,.15" tags="resourceForgedSteel,gunRifleT1HuntingRifleParts,resourceOil,resourceScrapPolymers"/>
			</effect_group>
		</recipe>
		
		<recipe name="autoSniperTurret" count="1" craft_area="TurretWorkbench" tags="TurretWorkbenchCrafting,perkAdvancedEngineering,learnable">
			<ingredient name="resourceForgedSteel" count="3"/>
			<ingredient name="gunRifleT1HuntingRifleParts" count="1"/>
			<ingredient name="autoSniperTurretSteel" count="1"/>
		</recipe>
		
	<!--Heavy Turret-->			
		<recipe name="autoHeavyTurret" count="1" craft_area="TurretWorkbench" tags="TurretWorkbenchCrafting,perkAdvancedEngineering,learnable"> 
			<ingredient name="motionsensor" count="1"/>
			<ingredient name="resourceForgedSteel" count="32"/>
			<ingredient name="gunHandgunT1PistolParts" count="4"/>
			<ingredient name="resourceOil" count="12"/>
			<ingredient name="resourceScrapPolymers" count="10"/>
			
			<effect_group>
			<passive_effect name="CraftingIngredientCount" level="0,1,2,3,4" operation="perc_add" value=".5,.5,.5,.3,.15" tags="resourceForgedSteel,gunHandgunT1PistolParts,resourceOil,resourceScrapPolymers"/>
			</effect_group>
		</recipe>
		
		<recipe name="autoHeavyTurret" count="1" craft_area="TurretWorkbench" tags="TurretWorkbenchCrafting,perkAdvancedEngineering,learnable"> 
			<ingredient name="resourceForgedSteel" count="3"/>
			<ingredient name="gunHandgunT1PistolParts" count="1"/>
			<ingredient name="autoHeavyTurretSteel" count="1"/>
		</recipe>
		
	<!--M60 Turret-->	
		
		<recipe name="autoMachineTurret" count="1" craft_area="TurretWorkbench" tags="TurretWorkbenchCrafting,perkAdvancedEngineering,learnable"> 
				<ingredient name="motionsensor" count="1"/>
				<ingredient name="resourceForgedSteel" count="32"/>
				<ingredient name="gunMGT1AK47Parts" count="3"/>
				<ingredient name="resourceOil" count="11"/>
				<ingredient name="resourceScrapPolymers" count="10"/>
				
				<effect_group>
				<passive_effect name="CraftingIngredientCount" level="0,1,2,3,4" operation="perc_add" value=".5,.5,.5,.3,.15" tags="resourceForgedSteel,gunMGT1AK47Parts,resourceOil,resourceScrapPolymers"/>
				</effect_group>
		</recipe>
		
		<recipe name="autoMachineTurret" count="1" craft_area="TurretWorkbench"  tags="TurretWorkbenchCrafting,perkAdvancedEngineering,learnable"> 
			<ingredient name="resourceForgedSteel" count="3"/>
			<ingredient name="gunHandgunT1PistolParts" count="1"/>
			<ingredient name="autoHeavyTurretSteel" count="1"/>
		</recipe>
		
	<!--Shotgun Heavy-->	
			<recipe name="shotgunHeavyTurret" count="1" craft_area="TurretWorkbench" tags="TurretWorkbenchCrafting,perkAdvancedEngineering,learnable"> 
				<ingredient name="motionsensor" count="1"/>
				<ingredient name="resourceForgedSteel" count="32"/>
				<ingredient name="gunShotgunT1DoubleBarrelParts" count="4"/>
				<ingredient name="resourceOil" count="11"/>
				<ingredient name="resourceScrapPolymers" count="10"/>
				
				<effect_group>
				<passive_effect name="CraftingIngredientCount" level="0,1,2,3,4" operation="perc_add" value=".5,.5,.5,.3,.15" tags="resourceForgedSteel,gunShotgunT1DoubleBarrelParts,resourceOil,resourceScrapPolymers"/>
				</effect_group>
			</recipe>
		
	
<!--steel turrets-->
			
	<!--SMG Steel-->
		<recipe name="autoTurretSteel" count="1" craft_area="TurretWorkbench" tags="perkAdvancedEngineering,TurretWorkbenchCrafting,learnable">
			<ingredient name="motionsensor" count="1"/>
			<ingredient name="resourceForgedSteel" count="28"/>
			<ingredient name="gunHandgunT1PistolParts" count="4"/>
			<ingredient name="resourceOil" count="11"/>
			<ingredient name="resourceScrapPolymers" count="6"/>
			
			<effect_group>
			<passive_effect name="CraftingIngredientCount" level="0,1,2,3,4" operation="perc_add" value=".5,.5,.5,.3,.15" tags="resourceForgedSteel,gunHandgunT1PistolParts,resourceOil,resourceScrapPolymers"/>
			</effect_group>
		</recipe>
		
		<recipe name="autoTurretSteel" count="1" craft_area="TurretWorkbench" tags="perkAdvancedEngineering,TurretWorkbenchCrafting,learnable">
			<ingredient name="autoTurret" count="1"/>
		</recipe>
		
	<!--Steel Sniper-->		
		<recipe name="autoSniperTurretSteel" count="1" craft_area="TurretWorkbench" tags="TurretWorkbenchCrafting,perkAdvancedEngineering,learnable"> 
			<ingredient name="motionsensor" count="1"/>
			<ingredient name="resourceForgedSteel" count="28"/>
			<ingredient name="gunRifleT1HuntingRifleParts" count="3"/>
			<ingredient name="resourceOil" count="13"/>
			<ingredient name="resourceScrapPolymers" count="7"/>
			<effect_group>
			<passive_effect name="CraftingIngredientCount" level="0,1,2,3,4" operation="perc_add" value=".5,.5,.5,.3,.15" tags="resourceForgedSteel,gunRifleT1HuntingRifleParts,resourceOil,resourceScrapPolymers"/>
			</effect_group>
		</recipe>
	
		<recipe name="autoSniperTurretSteel" count="1" craft_area="TurretWorkbench" tags="TurretWorkbenchCrafting,perkAdvancedEngineering,learnable"> 
			<ingredient name="autoSniperTurret" count="1"/>
		</recipe>	
	<!--Steel Heavy-->	
		
		<recipe name="autoHeavyTurretSteel" count="1" craft_area="TurretWorkbench" tags="TurretWorkbenchCrafting,perkAdvancedEngineering,learnable"> 
			<ingredient name="motionsensor" count="1"/>
			<ingredient name="resourceForgedSteel" count="29"/>
			<ingredient name="gunHandgunT1PistolParts" count="5"/>
			<ingredient name="resourceOil" count="11"/>
			<ingredient name="resourceScrapPolymers" count="10"/>
			<effect_group>
			<passive_effect name="CraftingIngredientCount" level="0,1,2,3,4" operation="perc_add" value=".5,.5,.5,.3,.15" tags="resourceForgedSteel,gunHandgunT1PistolParts,resourceOil,resourceScrapPolymers"/>
			</effect_group>
		</recipe>
		
		<recipe name="autoHeavyTurretSteel" count="1" craft_area="TurretWorkbench" tags="TurretWorkbenchCrafting,perkAdvancedEngineering,learnable"> 
			<ingredient name="autoHeavyTurret" count="1"/>
		</recipe>
	<!--Steel M60-->	
		
		<recipe name="autoMachineTurretSteel" count="1" craft_area="TurretWorkbench" tags="TurretWorkbenchCrafting,perkAdvancedEngineering,learnable"> 
			<ingredient name="motionsensor" count="1"/>
			<ingredient name="resourceForgedSteel" count="29"/>
			<ingredient name="gunMGT1AK47Parts" count="4"/>
			<ingredient name="resourceOil" count="12"/>
			<ingredient name="resourceScrapPolymers" count="12"/>
			<effect_group>
			<passive_effect name="CraftingIngredientCount" level="0,1,2,3,4" operation="perc_add" value=".5,.5,.5,.3,.15" tags="resourceForgedSteel,gunMGT1AK47Parts,resourceOil,resourceScrapPolymers"/>
			</effect_group>
		</recipe>	
		
		<recipe name="autoMachineTurretSteel" count="1" craft_area="TurretWorkbench" tags="TurretWorkbenchCrafting,perkAdvancedEngineering,learnable"> 
			<ingredient name="autoMachineTurret" count="1"/>
		</recipe>	
	
	<!--workbench-->	
		<recipe name="TurretWorkbench" count="1" craft_area="workbench" tags="perkAdvancedEngineering,workbenchCrafting,learnable">
			<ingredient name="resourceForgedIron" count="25"/>
			<ingredient name="resourceSpring" count="4"/>
			<ingredient name="resourceMechanicalParts" count="10"/>
		</recipe>
	</append>
</configs>
