<configs>
	
	<append xpath="/traders/trader_item_groups/trader_item_group[@name='stashOnlyItemsLow']">
			<item name="autoHeavyTurret" count="1,2" prob="0.15"/>
			<item name="shotgunHeavyTurret" count="1,2" prob="0.15"/>
			<item name="autoSniperTurret" count="1" prob="0.2"/>
			<item name="autoMachineTurret" count="1" prob="0.1"/>\
			<item name="autoHeavyTurretSteel" count="1" prob="0.12"/>
			<item name="autoSniperTurretSteel" count="1" prob="0.16"/>
			<item name="autoMachineTurretSteel" count="1" prob="0.12"/>
		</append>

		<append xpath="/traders/trader_item_groups/trader_item_group[@name='stashOnlyItemsHigh']">
			<item name="autoHeavyTurret" count="1,2" prob="0.3"/>
			<item name="shotgunHeavyTurret" count="1,2" prob="0.3"/>
			<item name="autoSniperTurret" count="1" prob="0.3"/>
			<item name="autoMachineTurret" count="1" prob="0.25"/>\
			<item name="autoHeavyTurretSteel" count="1" prob="0.25"/>
			<item name="autoSniperTurretSteel" count="1" prob="0.31"/>
			<item name="autoMachineTurretSteel" count="1" prob="0.27"/>
			<item name="autoTurretSteel" count="1" pron="0.2"/>
		</append>

</configs>

